{
  "project_info": {
    "project_number": "452756547824",
    "project_id": "cuarto-a-531",
    "storage_bucket": "cuarto-a-531.appspot.com"
  },
  "client": [
    {
      "client_info": {
        "mobilesdk_app_id": "1:452756547824:android:6a32b420eca8ed45b5ba35",
        "android_client_info": {
          "package_name": "com.example.authentication"
        }
      },
      "oauth_client": [
        {
          "client_id": "452756547824-093evq45r68tk28aet6o1eonnitmq1v6.apps.googleusercontent.com",
          "client_type": 1,
          "android_info": {
            "package_name": "com.example.authentication",
            "certificate_hash": "4d702b2df735e80b991cef3cdeca98c9f332b3bd"
          }
        },
        {
          "client_id": "452756547824-svc7rpsn2tc2bc7mjrpubtpfv6fhrc1r.apps.googleusercontent.com",
          "client_type": 3
        }
      ],
      "api_key": [
        {
          "current_key": "AIzaSyD5mIVARpK9KOsxWImqb2KdDTaAJKOE704"
        }
      ],
      "services": {
        "appinvite_service": {
          "other_platform_oauth_client": [
            {
              "client_id": "452756547824-441qvau4jb7gtffvuf8otnk7rg3h4ljh.apps.googleusercontent.com",
              "client_type": 3
            }
          ]
        }
      }
    },
    {
      "client_info": {
        "mobilesdk_app_id": "1:452756547824:android:b40c77b26555be1db5ba35",
        "android_client_info": {
          "package_name": "com.example.netvits"
        }
      },
      "oauth_client": [
        {
          "client_id": "452756547824-7lis66lupivjkur86simdqgce0l9i10j.apps.googleusercontent.com",
          "client_type": 1,
          "android_info": {
            "package_name": "com.example.netvits",
            "certificate_hash": "4d702b2df735e80b991cef3cdeca98c9f332b3bd"
          }
        },
        {
          "client_id": "452756547824-svc7rpsn2tc2bc7mjrpubtpfv6fhrc1r.apps.googleusercontent.com",
          "client_type": 3
        }
      ],
      "api_key": [
        {
          "current_key": "AIzaSyD5mIVARpK9KOsxWImqb2KdDTaAJKOE704"
        }
      ],
      "services": {
        "appinvite_service": {
          "other_platform_oauth_client": [
            {
              "client_id": "452756547824-441qvau4jb7gtffvuf8otnk7rg3h4ljh.apps.googleusercontent.com",
              "client_type": 3
            }
          ]
        }
      }
    },
    {
      "client_info": {
        "mobilesdk_app_id": "1:452756547824:android:438dd65d1140951eb5ba35",
        "android_client_info": {
          "package_name": "com.example.netvits_auth"
        }
      },
      "oauth_client": [
        {
          "client_id": "452756547824-nbpoq0ieg5r74t2b4lbhhlljv8nnm3q9.apps.googleusercontent.com",
          "client_type": 1,
          "android_info": {
            "package_name": "com.example.netvits_auth",
            "certificate_hash": "4d702b2df735e80b991cef3cdeca98c9f332b3bd"
          }
        },
        {
          "client_id": "452756547824-svc7rpsn2tc2bc7mjrpubtpfv6fhrc1r.apps.googleusercontent.com",
          "client_type": 3
        }
      ],
      "api_key": [
        {
          "current_key": "AIzaSyD5mIVARpK9KOsxWImqb2KdDTaAJKOE704"
        }
      ],
      "services": {
        "appinvite_service": {
          "other_platform_oauth_client": [
            {
              "client_id": "452756547824-441qvau4jb7gtffvuf8otnk7rg3h4ljh.apps.googleusercontent.com",
              "client_type": 3
            }
          ]
        }
      }
    },
    {
      "client_info": {
        "mobilesdk_app_id": "1:452756547824:android:767c0971c532102bb5ba35",
        "android_client_info": {
          "package_name": "com.test.vetcare"
        }
      },
      "oauth_client": [
        {
          "client_id": "452756547824-t8elj9m08n8knpe3kptu4p1t2v4ksjve.apps.googleusercontent.com",
          "client_type": 1,
          "android_info": {
            "package_name": "com.test.vetcare",
            "certificate_hash": "4d702b2df735e80b991cef3cdeca98c9f332b3bd"
          }
        },
        {
          "client_id": "452756547824-svc7rpsn2tc2bc7mjrpubtpfv6fhrc1r.apps.googleusercontent.com",
          "client_type": 3
        }
      ],
      "api_key": [
        {
          "current_key": "AIzaSyD5mIVARpK9KOsxWImqb2KdDTaAJKOE704"
        }
      ],
      "services": {
        "appinvite_service": {
          "other_platform_oauth_client": [
            {
              "client_id": "452756547824-441qvau4jb7gtffvuf8otnk7rg3h4ljh.apps.googleusercontent.com",
              "client_type": 3
            }
          ]
        }
      }
    }
  ],
  "configuration_version": "1"
}